match_id,date,datetime,matchday,status,home_team_id,home_team_name,away_team_id,away_team_name
538031,2026-02-06,2026-02-06T20:00:00Z,25,TIMED,341,Leeds United FC,351,Nottingham Forest FC
538032,2026-02-07,2026-02-07T12:30:00Z,25,TIMED,66,Manchester United FC,73,Tottenham Hotspur FC
538025,2026-02-07,2026-02-07T15:00:00Z,25,TIMED,1044,AFC Bournemouth,58,Aston Villa FC
538027,2026-02-07,2026-02-07T15:00:00Z,25,TIMED,57,Arsenal FC,71,Sunderland AFC
538028,2026-02-07,2026-02-07T15:00:00Z,25,TIMED,328,Burnley FC,563,West Ham United FC
538029,2026-02-07,2026-02-07T15:00:00Z,25,TIMED,63,Fulham FC,62,Everton FC
538034,2026-02-07,2026-02-07T15:00:00Z,25,TIMED,76,Wolverhampton Wanderers FC,61,Chelsea FC
538033,2026-02-07,2026-02-07T17:30:00Z,25,TIMED,67,Newcastle United FC,402,Brentford FC
538026,2026-02-08,2026-02-08T14:00:00Z,25,TIMED,397,Brighton & Hove Albion FC,354,Crystal Palace FC
538030,2026-02-08,2026-02-08T16:30:00Z,25,TIMED,64,Liverpool FC,65,Manchester City FC
538039,2026-02-10,2026-02-10T19:30:00Z,26,TIMED,61,Chelsea FC,341,Leeds United FC
538040,2026-02-10,2026-02-10T19:30:00Z,26,TIMED,62,Everton FC,1044,AFC Bournemouth
538043,2026-02-10,2026-02-10T19:30:00Z,26,TIMED,73,Tottenham Hotspur FC,67,Newcastle United FC
538044,2026-02-10,2026-02-10T20:15:00Z,26,TIMED,563,West Ham United FC,66,Manchester United FC
538042,2026-02-11,2026-02-11T19:30:00Z,26,TIMED,351,Nottingham Forest FC,76,Wolverhampton Wanderers FC
538041,2026-02-11,2026-02-11T19:30:00Z,26,TIMED,65,Manchester City FC,63,Fulham FC
538036,2026-02-11,2026-02-11T19:30:00Z,26,TIMED,58,Aston Villa FC,397,Brighton & Hove Albion FC
538037,2026-02-11,2026-02-11T19:30:00Z,26,TIMED,354,Crystal Palace FC,328,Burnley FC
538035,2026-02-11,2026-02-11T20:15:00Z,26,TIMED,71,Sunderland AFC,64,Liverpool FC
538038,2026-02-12,2026-02-12T20:00:00Z,26,TIMED,402,Brentford FC,57,Arsenal FC
538046,2026-02-21,2026-02-21T15:00:00Z,27,TIMED,58,Aston Villa FC,341,Leeds United FC
538048,2026-02-21,2026-02-21T15:00:00Z,27,TIMED,402,Brentford FC,397,Brighton & Hove Albion FC
538049,2026-02-21,2026-02-21T15:00:00Z,27,TIMED,61,Chelsea FC,328,Burnley FC
538054,2026-02-21,2026-02-21T17:30:00Z,27,TIMED,563,West Ham United FC,1044,AFC Bournemouth
538051,2026-02-21,2026-02-21T20:00:00Z,27,TIMED,65,Manchester City FC,67,Newcastle United FC
538045,2026-02-22,2026-02-22T14:00:00Z,27,TIMED,71,Sunderland AFC,63,Fulham FC
538047,2026-02-22,2026-02-22T14:00:00Z,27,TIMED,354,Crystal Palace FC,76,Wolverhampton Wanderers FC
538052,2026-02-22,2026-02-22T14:00:00Z,27,TIMED,351,Nottingham Forest FC,64,Liverpool FC
538053,2026-02-22,2026-02-22T16:30:00Z,27,TIMED,73,Tottenham Hotspur FC,57,Arsenal FC
538050,2026-02-23,2026-02-23T20:00:00Z,27,TIMED,62,Everton FC,66,Manchester United FC
538064,2026-02-27,2026-02-27T20:00:00Z,28,TIMED,76,Wolverhampton Wanderers FC,58,Aston Villa FC
538055,2026-02-28,2026-02-28T12:30:00Z,28,TIMED,1044,AFC Bournemouth,71,Sunderland AFC
538060,2026-02-28,2026-02-28T15:00:00Z,28,TIMED,64,Liverpool FC,563,West Ham United FC
538063,2026-02-28,2026-02-28T15:00:00Z,28,TIMED,67,Newcastle United FC,62,Everton FC
538058,2026-02-28,2026-02-28T15:00:00Z,28,TIMED,328,Burnley FC,402,Brentford FC
538061,2026-02-28,2026-02-28T17:30:00Z,28,TIMED,341,Leeds United FC,65,Manchester City FC
538056,2026-03-01,2026-03-01T14:00:00Z,28,TIMED,397,Brighton & Hove Albion FC,351,Nottingham Forest FC
538059,2026-03-01,2026-03-01T14:00:00Z,28,TIMED,63,Fulham FC,73,Tottenham Hotspur FC
538062,2026-03-01,2026-03-01T14:00:00Z,28,TIMED,66,Manchester United FC,354,Crystal Palace FC
538057,2026-03-01,2026-03-01T16:30:00Z,28,TIMED,57,Arsenal FC,61,Chelsea FC
538065,2026-03-03,2026-03-03T19:30:00Z,29,TIMED,1044,AFC Bournemouth,402,Brentford FC
538068,2026-03-03,2026-03-03T19:30:00Z,29,TIMED,62,Everton FC,328,Burnley FC
538070,2026-03-03,2026-03-03T19:30:00Z,29,TIMED,341,Leeds United FC,71,Sunderland AFC
538074,2026-03-03,2026-03-03T20:15:00Z,29,TIMED,76,Wolverhampton Wanderers FC,64,Liverpool FC
538066,2026-03-04,2026-03-04T19:30:00Z,29,TIMED,58,Aston Villa FC,61,Chelsea FC
538067,2026-03-04,2026-03-04T19:30:00Z,29,TIMED,397,Brighton & Hove Albion FC,57,Arsenal FC
538069,2026-03-04,2026-03-04T19:30:00Z,29,TIMED,63,Fulham FC,563,West Ham United FC
538071,2026-03-04,2026-03-04T19:30:00Z,29,TIMED,65,Manchester City FC,351,Nottingham Forest FC
538072,2026-03-04,2026-03-04T20:15:00Z,29,TIMED,67,Newcastle United FC,66,Manchester United FC
538073,2026-03-05,2026-03-05T20:00:00Z,29,TIMED,73,Tottenham Hotspur FC,354,Crystal Palace FC
538084,2026-03-14,2026-03-14T12:30:00Z,30,TIMED,563,West Ham United FC,65,Manchester City FC
538083,2026-03-14,2026-03-14T15:00:00Z,30,TIMED,351,Nottingham Forest FC,63,Fulham FC
538082,2026-03-14,2026-03-14T15:00:00Z,30,TIMED,66,Manchester United FC,58,Aston Villa FC
538075,2026-03-14,2026-03-14T15:00:00Z,30,TIMED,71,Sunderland AFC,397,Brighton & Hove Albion FC
538076,2026-03-14,2026-03-14T15:00:00Z,30,TIMED,354,Crystal Palace FC,341,Leeds United FC
538079,2026-03-14,2026-03-14T15:00:00Z,30,TIMED,328,Burnley FC,1044,AFC Bournemouth
538080,2026-03-14,2026-03-14T17:30:00Z,30,TIMED,61,Chelsea FC,67,Newcastle United FC
538077,2026-03-15,2026-03-15T14:00:00Z,30,TIMED,57,Arsenal FC,62,Everton FC
538081,2026-03-15,2026-03-15T16:30:00Z,30,TIMED,64,Liverpool FC,73,Tottenham Hotspur FC
538078,2026-03-16,2026-03-16T20:00:00Z,30,TIMED,402,Brentford FC,76,Wolverhampton Wanderers FC
538085,2026-03-20,2026-03-20T20:00:00Z,31,TIMED,1044,AFC Bournemouth,66,Manchester United FC
538087,2026-03-21,2026-03-21T12:30:00Z,31,TIMED,397,Brighton & Hove Albion FC,64,Liverpool FC
538094,2026-03-21,2026-03-21T15:00:00Z,31,TIMED,76,Wolverhampton Wanderers FC,57,Arsenal FC
538086,2026-03-21,2026-03-21T15:00:00Z,31,TIMED,58,Aston Villa FC,563,West Ham United FC
538089,2026-03-21,2026-03-21T15:00:00Z,31,TIMED,63,Fulham FC,328,Burnley FC
538091,2026-03-21,2026-03-21T15:00:00Z,31,TIMED,65,Manchester City FC,354,Crystal Palace FC
538088,2026-03-21,2026-03-21T17:30:00Z,31,TIMED,62,Everton FC,61,Chelsea FC
538090,2026-03-21,2026-03-21T20:00:00Z,31,TIMED,341,Leeds United FC,402,Brentford FC
538092,2026-03-22,2026-03-22T12:00:00Z,31,TIMED,67,Newcastle United FC,71,Sunderland AFC
538093,2026-03-22,2026-03-22T14:15:00Z,31,TIMED,73,Tottenham Hotspur FC,351,Nottingham Forest FC
538095,2026-04-11,2026-04-11T14:00:00Z,32,TIMED,71,Sunderland AFC,73,Tottenham Hotspur FC
538096,2026-04-11,2026-04-11T14:00:00Z,32,TIMED,354,Crystal Palace FC,67,Newcastle United FC
538097,2026-04-11,2026-04-11T14:00:00Z,32,TIMED,57,Arsenal FC,1044,AFC Bournemouth
538098,2026-04-11,2026-04-11T14:00:00Z,32,TIMED,402,Brentford FC,62,Everton FC
538099,2026-04-11,2026-04-11T14:00:00Z,32,TIMED,328,Burnley FC,397,Brighton & Hove Albion FC
538100,2026-04-11,2026-04-11T14:00:00Z,32,TIMED,61,Chelsea FC,65,Manchester City FC
538101,2026-04-11,2026-04-11T14:00:00Z,32,TIMED,64,Liverpool FC,63,Fulham FC
538102,2026-04-11,2026-04-11T14:00:00Z,32,TIMED,66,Manchester United FC,341,Leeds United FC
538103,2026-04-11,2026-04-11T14:00:00Z,32,TIMED,351,Nottingham Forest FC,58,Aston Villa FC
538104,2026-04-11,2026-04-11T14:00:00Z,32,TIMED,563,West Ham United FC,76,Wolverhampton Wanderers FC
538111,2026-04-18,2026-04-18T14:00:00Z,33,TIMED,65,Manchester City FC,57,Arsenal FC
538110,2026-04-18,2026-04-18T14:00:00Z,33,TIMED,341,Leeds United FC,76,Wolverhampton Wanderers FC
538108,2026-04-18,2026-04-18T14:00:00Z,33,TIMED,61,Chelsea FC,66,Manchester United FC
538107,2026-04-18,2026-04-18T14:00:00Z,33,TIMED,402,Brentford FC,63,Fulham FC
538109,2026-04-18,2026-04-18T14:00:00Z,33,TIMED,62,Everton FC,64,Liverpool FC
538105,2026-04-18,2026-04-18T14:00:00Z,33,TIMED,58,Aston Villa FC,71,Sunderland AFC
538114,2026-04-18,2026-04-18T14:00:00Z,33,TIMED,73,Tottenham Hotspur FC,397,Brighton & Hove Albion FC
538113,2026-04-18,2026-04-18T14:00:00Z,33,TIMED,351,Nottingham Forest FC,328,Burnley FC
538112,2026-04-18,2026-04-18T14:00:00Z,33,TIMED,67,Newcastle United FC,1044,AFC Bournemouth
538106,2026-04-18,2026-04-18T14:00:00Z,33,TIMED,354,Crystal Palace FC,563,West Ham United FC
538124,2026-04-25,2026-04-25T14:00:00Z,34,TIMED,76,Wolverhampton Wanderers FC,73,Tottenham Hotspur FC
538123,2026-04-25,2026-04-25T14:00:00Z,34,TIMED,563,West Ham United FC,62,Everton FC
538122,2026-04-25,2026-04-25T14:00:00Z,34,TIMED,66,Manchester United FC,402,Brentford FC
538121,2026-04-25,2026-04-25T14:00:00Z,34,TIMED,64,Liverpool FC,354,Crystal Palace FC
538120,2026-04-25,2026-04-25T14:00:00Z,34,TIMED,63,Fulham FC,58,Aston Villa FC
538119,2026-04-25,2026-04-25T14:00:00Z,34,TIMED,328,Burnley FC,65,Manchester City FC
538117,2026-04-25,2026-04-25T14:00:00Z,34,TIMED,397,Brighton & Hove Albion FC,61,Chelsea FC
538116,2026-04-25,2026-04-25T14:00:00Z,34,TIMED,71,Sunderland AFC,351,Nottingham Forest FC
538115,2026-04-25,2026-04-25T14:00:00Z,34,TIMED,1044,AFC Bournemouth,341,Leeds United FC
538118,2026-04-25,2026-04-25T14:00:00Z,34,TIMED,57,Arsenal FC,67,Newcastle United FC
538131,2026-05-02,2026-05-02T14:00:00Z,35,TIMED,341,Leeds United FC,328,Burnley FC
538134,2026-05-02,2026-05-02T14:00:00Z,35,TIMED,76,Wolverhampton Wanderers FC,71,Sunderland AFC
538133,2026-05-02,2026-05-02T14:00:00Z,35,TIMED,67,Newcastle United FC,397,Brighton & Hove Albion FC
538132,2026-05-02,2026-05-02T14:00:00Z,35,TIMED,66,Manchester United FC,64,Liverpool FC
538130,2026-05-02,2026-05-02T14:00:00Z,35,TIMED,62,Everton FC,65,Manchester City FC
538129,2026-05-02,2026-05-02T14:00:00Z,35,TIMED,61,Chelsea FC,351,Nottingham Forest FC
538128,2026-05-02,2026-05-02T14:00:00Z,35,TIMED,402,Brentford FC,563,West Ham United FC
538127,2026-05-02,2026-05-02T14:00:00Z,35,TIMED,57,Arsenal FC,63,Fulham FC
538126,2026-05-02,2026-05-02T14:00:00Z,35,TIMED,58,Aston Villa FC,73,Tottenham Hotspur FC
538125,2026-05-02,2026-05-02T14:00:00Z,35,TIMED,1044,AFC Bournemouth,354,Crystal Palace FC
538144,2026-05-09,2026-05-09T14:00:00Z,36,TIMED,563,West Ham United FC,57,Arsenal FC
538143,2026-05-09,2026-05-09T14:00:00Z,36,TIMED,73,Tottenham Hotspur FC,341,Leeds United FC
538142,2026-05-09,2026-05-09T14:00:00Z,36,TIMED,351,Nottingham Forest FC,67,Newcastle United FC
538141,2026-05-09,2026-05-09T14:00:00Z,36,TIMED,65,Manchester City FC,402,Brentford FC
538140,2026-05-09,2026-05-09T14:00:00Z,36,TIMED,64,Liverpool FC,61,Chelsea FC
538138,2026-05-09,2026-05-09T14:00:00Z,36,TIMED,328,Burnley FC,58,Aston Villa FC
538137,2026-05-09,2026-05-09T14:00:00Z,36,TIMED,354,Crystal Palace FC,62,Everton FC
538136,2026-05-09,2026-05-09T14:00:00Z,36,TIMED,397,Brighton & Hove Albion FC,76,Wolverhampton Wanderers FC
538135,2026-05-09,2026-05-09T14:00:00Z,36,TIMED,71,Sunderland AFC,66,Manchester United FC
538139,2026-05-09,2026-05-09T14:00:00Z,36,TIMED,63,Fulham FC,1044,AFC Bournemouth
538151,2026-05-17,2026-05-17T14:00:00Z,37,TIMED,341,Leeds United FC,397,Brighton & Hove Albion FC
538154,2026-05-17,2026-05-17T14:00:00Z,37,TIMED,76,Wolverhampton Wanderers FC,63,Fulham FC
538153,2026-05-17,2026-05-17T14:00:00Z,37,TIMED,67,Newcastle United FC,563,West Ham United FC
538152,2026-05-17,2026-05-17T14:00:00Z,37,TIMED,66,Manchester United FC,351,Nottingham Forest FC
538150,2026-05-17,2026-05-17T14:00:00Z,37,TIMED,62,Everton FC,71,Sunderland AFC
538147,2026-05-17,2026-05-17T14:00:00Z,37,TIMED,57,Arsenal FC,328,Burnley FC
538148,2026-05-17,2026-05-17T14:00:00Z,37,TIMED,402,Brentford FC,354,Crystal Palace FC
538146,2026-05-17,2026-05-17T14:00:00Z,37,TIMED,58,Aston Villa FC,64,Liverpool FC
538145,2026-05-17,2026-05-17T14:00:00Z,37,TIMED,1044,AFC Bournemouth,65,Manchester City FC
538149,2026-05-17,2026-05-17T14:00:00Z,37,TIMED,61,Chelsea FC,73,Tottenham Hotspur FC
538163,2026-05-24,2026-05-24T15:00:00Z,38,TIMED,73,Tottenham Hotspur FC,62,Everton FC
538155,2026-05-24,2026-05-24T15:00:00Z,38,TIMED,71,Sunderland AFC,61,Chelsea FC
538156,2026-05-24,2026-05-24T15:00:00Z,38,TIMED,397,Brighton & Hove Albion FC,66,Manchester United FC
538157,2026-05-24,2026-05-24T15:00:00Z,38,TIMED,354,Crystal Palace FC,57,Arsenal FC
538158,2026-05-24,2026-05-24T15:00:00Z,38,TIMED,328,Burnley FC,76,Wolverhampton Wanderers FC
538159,2026-05-24,2026-05-24T15:00:00Z,38,TIMED,63,Fulham FC,67,Newcastle United FC
538160,2026-05-24,2026-05-24T15:00:00Z,38,TIMED,64,Liverpool FC,402,Brentford FC
538161,2026-05-24,2026-05-24T15:00:00Z,38,TIMED,65,Manchester City FC,58,Aston Villa FC
538162,2026-05-24,2026-05-24T15:00:00Z,38,TIMED,351,Nottingham Forest FC,1044,AFC Bournemouth
538164,2026-05-24,2026-05-24T15:00:00Z,38,TIMED,563,West Ham United FC,341,Leeds United FC
